orden_id,lote_proceso,fecha_orden,cliente_id,cliente_nombre,ciudad_destino,producto_sku,producto_nombre,categoria,almacen_origen,cantidad,precio_unitario,descuento_pct,precio_final_unitario,total_linea,canal_venta,estado_orden,dias_entrega_prometidos,prioridad_envio,campo_extra_inesperado
ORD-000391,LOTE-2024-03-03,2024-03-03 09:00:00,CLI999,CLIENTE_PRUEBA_SCHEMA,Lima,PROD-TEST,Producto de prueba schema,TEST,ALM-LIMA-01,7,50.0,0,50.0,500.0,B2B_PORTAL,CONFIRMADO,2,EXPRESS,valor_inesperado_0
ORD-000392,LOTE-2024-03-03,2024-03-03 09:00:00,CLI999,CLIENTE_PRUEBA_SCHEMA,Lima,PROD-TEST,Producto de prueba schema,TEST,ALM-LIMA-01,4,50.0,0,50.0,500.0,B2B_PORTAL,CONFIRMADO,2,URGENTE,valor_inesperado_1
ORD-000393,LOTE-2024-03-03,2024-03-03 09:00:00,CLI999,CLIENTE_PRUEBA_SCHEMA,Lima,PROD-TEST,Producto de prueba schema,TEST,ALM-LIMA-01,3,50.0,0,50.0,500.0,B2B_PORTAL,CONFIRMADO,2,NORMAL,valor_inesperado_2
ORD-000394,LOTE-2024-03-03,2024-03-03 09:00:00,CLI999,CLIENTE_PRUEBA_SCHEMA,Lima,PROD-TEST,Producto de prueba schema,TEST,ALM-LIMA-01,4,50.0,0,50.0,500.0,B2B_PORTAL,CONFIRMADO,2,NORMAL,valor_inesperado_3
ORD-000395,LOTE-2024-03-03,2024-03-03 09:00:00,CLI999,CLIENTE_PRUEBA_SCHEMA,Lima,PROD-TEST,Producto de prueba schema,TEST,ALM-LIMA-01,2,50.0,0,50.0,500.0,B2B_PORTAL,CONFIRMADO,2,EXPRESS,valor_inesperado_4
ORD-000396,LOTE-2024-03-03,2024-03-03 09:00:00,CLI999,CLIENTE_PRUEBA_SCHEMA,Lima,PROD-TEST,Producto de prueba schema,TEST,ALM-LIMA-01,7,50.0,0,50.0,500.0,B2B_PORTAL,CONFIRMADO,2,URGENTE,valor_inesperado_5
ORD-000397,LOTE-2024-03-03,2024-03-03 09:00:00,CLI999,CLIENTE_PRUEBA_SCHEMA,Lima,PROD-TEST,Producto de prueba schema,TEST,ALM-LIMA-01,9,50.0,0,50.0,500.0,B2B_PORTAL,CONFIRMADO,2,NORMAL,valor_inesperado_6
ORD-000398,LOTE-2024-03-03,2024-03-03 09:00:00,CLI999,CLIENTE_PRUEBA_SCHEMA,Lima,PROD-TEST,Producto de prueba schema,TEST,ALM-LIMA-01,10,50.0,0,50.0,500.0,B2B_PORTAL,CONFIRMADO,2,EXPRESS,valor_inesperado_7
ORD-000399,LOTE-2024-03-03,2024-03-03 09:00:00,CLI999,CLIENTE_PRUEBA_SCHEMA,Lima,PROD-TEST,Producto de prueba schema,TEST,ALM-LIMA-01,4,50.0,0,50.0,500.0,B2B_PORTAL,CONFIRMADO,2,EXPRESS,valor_inesperado_8
ORD-000400,LOTE-2024-03-03,2024-03-03 09:00:00,CLI999,CLIENTE_PRUEBA_SCHEMA,Lima,PROD-TEST,Producto de prueba schema,TEST,ALM-LIMA-01,10,50.0,0,50.0,500.0,B2B_PORTAL,CONFIRMADO,2,URGENTE,valor_inesperado_9
