orden_id,lote_proceso,fecha_orden,cliente_id,cliente_nombre,ciudad_destino,producto_sku,producto_nombre,categoria,almacen_origen,cantidad,precio_unitario,descuento_pct,precio_final_unitario,total_linea,canal_venta,estado_orden,dias_entrega_prometidos,prioridad_envio
ORD-000201,LOTE-2024-03-02,2024-03-02 20:59:00,CLI008,Comercial Altiplano SRL,Puno,PROD-0402,Llanta 225/45R17,Neumaticos,ALM-LIMA-01,42,383.13,0,383.13,16091.46,B2B_PORTAL,CONFIRMADO,5,EXPRESS
ORD-000202,LOTE-2024-03-02,2024-03-02 07:34:00,CLI001,Distribuidora Andina SAC,Lima,PROD-0201,Filtro Aire Universal,Filtros,ALM-LIMA-01,27,29.07,0,29.07,784.89,TELEFONO,ENTREGADO,4,EXPRESS
ORD-000203,LOTE-2024-03-02,2024-03-02 05:59:00,CLI005,Logistica Central EIRL,Piura,PROD-0101,Aceite Motor 10W40 1L,Lubricantes,ALM-NORTE-01,1,44.97,10,40.48,40.48,EDI,CONFIRMADO,4,URGENTE
ORD-000204,LOTE-2024-03-02,2024-03-02 20:34:00,CLI008,Comercial Altiplano SRL,Puno,PROD-0201,Filtro Aire Universal,Filtros,ALM-NORTE-01,33,27.91,0,27.91,921.03,FUERZA_VENTAS,ENTREGADO,4,NORMAL
ORD-000205,LOTE-2024-03-02,2024-03-02 20:16:00,CLI003,Importaciones del Sur SRL,Arequipa,PROD-0101,Aceite Motor 10W40 1L,Lubricantes,ALM-LIMA-02,48,45.15,0,45.15,2167.2,FUERZA_VENTAS,EN_DESPACHO,5,URGENTE
ORD-000206,LOTE-2024-03-02,2024-03-02 20:57:00,CLI007,Distribuidora Costa SAC,Ica,PROD-0401,Llanta 195/65R15,Neumaticos,ALM-LIMA-02,33,280.1,5,266.09,8780.97,FUERZA_VENTAS,EN_DESPACHO,4,URGENTE
ORD-000207,LOTE-2024-03-02,2024-03-02 10:59:00,CLI004,Mega Distribucion SA,Cusco,PROD-0101,Aceite Motor 10W40 1L,Lubricantes,ALM-NORTE-01,17,45.37,5,43.1,732.7,EDI,ENTREGADO,5,NORMAL
ORD-000208,LOTE-2024-03-02,2024-03-02 23:36:00,CLI001,Distribuidora Andina SAC,Lima,PROD-0301,Bateria 12V 60Ah,Electricidad,ALM-LIMA-01,42,315.51,0,315.51,13251.42,TELEFONO,CONFIRMADO,3,EXPRESS
ORD-000209,LOTE-2024-03-02,2024-03-02 05:25:00,CLI005,Logistica Central EIRL,Piura,PROD-0102,Aceite Motor 20W50 4L,Lubricantes,ALM-LIMA-02,41,93.22,0,93.22,3822.02,FUERZA_VENTAS,CONFIRMADO,2,EXPRESS
ORD-000210,LOTE-2024-03-02,2024-03-02 15:09:00,CLI008,Comercial Altiplano SRL,Puno,PROD-0502,Disco Freno 280mm,Frenos,ALM-LIMA-02,24,118.99,10,107.09,2570.16,FUERZA_VENTAS,ENTREGADO,5,NORMAL
ORD-000211,LOTE-2024-03-02,2024-03-02 02:33:00,CLI008,Comercial Altiplano SRL,Puno,PROD-0501,Pastilla Freno Delantera,Frenos,ALM-LIMA-02,46,64.1,10,57.69,2653.74,FUERZA_VENTAS,CONFIRMADO,2,EXPRESS
ORD-000212,LOTE-2024-03-02,2024-03-02 10:54:00,CLI008,Comercial Altiplano SRL,Puno,PROD-0102,Aceite Motor 20W50 4L,Lubricantes,ALM-SUR-01,44,86.86,10,78.18,3439.92,B2B_PORTAL,EN_DESPACHO,4,EXPRESS
ORD-000213,LOTE-2024-03-02,2024-03-02 04:32:00,CLI007,Distribuidora Costa SAC,Ica,PROD-0402,Llanta 225/45R17,Neumaticos,ALM-NORTE-01,37,377.53,5,358.65,13270.05,B2B_PORTAL,EN_DESPACHO,4,NORMAL
ORD-000214,LOTE-2024-03-02,2024-03-02 08:52:00,CLI001,Distribuidora Andina SAC,Lima,PROD-0202,Filtro Aceite Motor,Filtros,ALM-LIMA-01,38,21.54,5,20.46,777.48,B2B_PORTAL,CONFIRMADO,1,NORMAL
ORD-000215,LOTE-2024-03-02,2024-03-02 15:02:00,CLI005,Logistica Central EIRL,Piura,PROD-0401,Llanta 195/65R15,Neumaticos,ALM-SUR-01,12,292.67,15,248.77,2985.24,EDI,CANCELADO,4,EXPRESS
ORD-000216,LOTE-2024-03-02,2024-03-02 14:55:00,CLI007,Distribuidora Costa SAC,Ica,PROD-0401,Llanta 195/65R15,Neumaticos,ALM-LIMA-02,6,290.21,15,246.68,1480.08,EDI,ENTREGADO,1,URGENTE
ORD-000217,LOTE-2024-03-02,2024-03-02 05:34:00,CLI007,Distribuidora Costa SAC,Ica,PROD-0501,Pastilla Freno Delantera,Frenos,ALM-LIMA-01,9,66.48,0,66.48,598.32,EDI,ENTREGADO,4,EXPRESS
ORD-000218,LOTE-2024-03-02,2024-03-02 21:46:00,CLI007,Distribuidora Costa SAC,Ica,PROD-0501,Pastilla Freno Delantera,Frenos,ALM-LIMA-02,25,67.1,0,67.1,1677.5,EDI,EN_DESPACHO,2,NORMAL
ORD-000219,LOTE-2024-03-02,2024-03-02 23:48:00,CLI002,Comercial Norte EIRL,Trujillo,PROD-0101,Aceite Motor 10W40 1L,Lubricantes,ALM-LIMA-01,43,45.53,0,45.53,1957.79,B2B_PORTAL,CONFIRMADO,5,URGENTE
ORD-000220,LOTE-2024-03-02,2024-03-02 01:28:00,CLI001,Distribuidora Andina SAC,Lima,PROD-0202,Filtro Aceite Motor,Filtros,ALM-LIMA-02,48,21.47,5,20.4,979.2,B2B_PORTAL,CONFIRMADO,2,URGENTE
ORD-000221,LOTE-2024-03-02,2024-03-02 16:18:00,CLI004,Mega Distribucion SA,Cusco,PROD-0502,Disco Freno 280mm,Frenos,ALM-LIMA-02,21,120.93,15,102.79,2158.59,EDI,ENTREGADO,2,URGENTE
ORD-000222,LOTE-2024-03-02,2024-03-02 21:33:00,CLI004,Mega Distribucion SA,Cusco,PROD-0401,Llanta 195/65R15,Neumaticos,ALM-LIMA-02,20,278.59,10,250.73,5014.6,TELEFONO,ENTREGADO,5,URGENTE
ORD-000223,LOTE-2024-03-02,2024-03-02 15:03:00,CLI006,Proveedores Unidos SAC,Chiclayo,PROD-0401,Llanta 195/65R15,Neumaticos,ALM-NORTE-01,34,279.83,5,265.84,9038.56,TELEFONO,EN_DESPACHO,2,URGENTE
ORD-000224,LOTE-2024-03-02,2024-03-02 17:30:00,CLI004,Mega Distribucion SA,Cusco,PROD-0202,Filtro Aceite Motor,Filtros,ALM-LIMA-01,20,23.3,0,23.3,466.0,TELEFONO,ENTREGADO,4,URGENTE
ORD-000225,LOTE-2024-03-02,2024-03-02 17:33:00,CLI003,Importaciones del Sur SRL,Arequipa,PROD-0401,Llanta 195/65R15,Neumaticos,ALM-SUR-01,16,278.02,0,278.02,4448.32,EDI,EN_DESPACHO,1,URGENTE
ORD-000226,LOTE-2024-03-02,2024-03-02 17:46:00,CLI004,Mega Distribucion SA,Cusco,PROD-0101,Aceite Motor 10W40 1L,Lubricantes,ALM-LIMA-01,18,45.34,10,40.8,734.4,FUERZA_VENTAS,EN_DESPACHO,5,NORMAL
ORD-000227,LOTE-2024-03-02,2024-03-02 23:42:00,CLI004,Mega Distribucion SA,Cusco,PROD-0402,Llanta 225/45R17,Neumaticos,ALM-LIMA-01,14,409.59,0,409.59,5734.26,FUERZA_VENTAS,CONFIRMADO,2,URGENTE
ORD-000228,LOTE-2024-03-02,2024-03-02 23:07:00,CLI008,Comercial Altiplano SRL,Puno,PROD-0202,Filtro Aceite Motor,Filtros,ALM-LIMA-02,45,22.73,0,22.73,1022.85,EDI,CONFIRMADO,3,EXPRESS
ORD-000229,LOTE-2024-03-02,2024-03-02 12:29:00,CLI006,Proveedores Unidos SAC,Chiclayo,PROD-0301,Bateria 12V 60Ah,Electricidad,ALM-SUR-01,17,315.51,5,299.73,5095.41,EDI,EN_DESPACHO,2,URGENTE
ORD-000230,LOTE-2024-03-02,2024-03-02 11:20:00,CLI007,Distribuidora Costa SAC,Ica,PROD-0101,Aceite Motor 10W40 1L,Lubricantes,ALM-NORTE-01,37,47.57,15,40.44,1496.28,TELEFONO,CONFIRMADO,3,URGENTE
ORD-000231,LOTE-2024-03-02,2024-03-02 04:12:00,CLI006,Proveedores Unidos SAC,Chiclayo,PROD-0202,Filtro Aceite Motor,Filtros,ALM-NORTE-01,25,22.66,0,22.66,566.5,EDI,EN_DESPACHO,4,URGENTE
ORD-000232,LOTE-2024-03-02,2024-03-02 23:41:00,CLI008,Comercial Altiplano SRL,Puno,PROD-0402,Llanta 225/45R17,Neumaticos,ALM-SUR-01,11,404.19,0,404.19,4446.09,FUERZA_VENTAS,CONFIRMADO,5,URGENTE
ORD-000233,LOTE-2024-03-02,2024-03-02 20:03:00,CLI001,Distribuidora Andina SAC,Lima,PROD-0102,Aceite Motor 20W50 4L,Lubricantes,ALM-LIMA-02,43,85.46,0,85.46,3674.78,B2B_PORTAL,EN_DESPACHO,2,URGENTE
ORD-000234,LOTE-2024-03-02,2024-03-02 00:13:00,CLI008,Comercial Altiplano SRL,Puno,PROD-0302,Bateria 12V 75Ah,Electricidad,ALM-SUR-01,4,414.83,15,352.61,1410.44,TELEFONO,ENTREGADO,1,NORMAL
ORD-000235,LOTE-2024-03-02,2024-03-02 00:34:00,CLI007,Distribuidora Costa SAC,Ica,PROD-0101,Aceite Motor 10W40 1L,Lubricantes,ALM-NORTE-01,2,46.04,0,46.04,92.08,B2B_PORTAL,EN_DESPACHO,5,EXPRESS
ORD-000236,LOTE-2024-03-02,2024-03-02 22:43:00,CLI007,Distribuidora Costa SAC,Ica,PROD-0201,Filtro Aire Universal,Filtros,ALM-LIMA-02,7,29.17,10,26.25,183.75,EDI,CONFIRMADO,3,URGENTE
ORD-000237,LOTE-2024-03-02,2024-03-02 08:50:00,CLI007,Distribuidora Costa SAC,Ica,PROD-0102,Aceite Motor 20W50 4L,Lubricantes,ALM-LIMA-02,24,93.61,5,88.93,2134.32,EDI,EN_DESPACHO,1,URGENTE
ORD-000238,LOTE-2024-03-02,2024-03-02 20:54:00,CLI001,Distribuidora Andina SAC,Lima,PROD-0102,Aceite Motor 20W50 4L,Lubricantes,ALM-LIMA-01,26,88.42,10,79.58,2069.08,FUERZA_VENTAS,EN_DESPACHO,1,NORMAL
ORD-000239,LOTE-2024-03-02,2024-03-02 15:54:00,CLI007,Distribuidora Costa SAC,Ica,PROD-0302,Bateria 12V 75Ah,Electricidad,ALM-LIMA-01,37,429.57,0,429.57,15894.09,FUERZA_VENTAS,ENTREGADO,2,EXPRESS
ORD-000240,LOTE-2024-03-02,2024-03-02 22:56:00,CLI008,Comercial Altiplano SRL,Puno,PROD-0301,Bateria 12V 60Ah,Electricidad,ALM-LIMA-01,3,333.57,15,283.54,850.62,FUERZA_VENTAS,ENTREGADO,3,EXPRESS
ORD-000241,LOTE-2024-03-02,2024-03-02 00:13:00,CLI003,Importaciones del Sur SRL,Arequipa,PROD-0401,Llanta 195/65R15,Neumaticos,ALM-SUR-01,5,279.28,10,251.35,1256.75,EDI,CONFIRMADO,4,URGENTE
ORD-000242,LOTE-2024-03-02,2024-03-02 23:08:00,CLI002,Comercial Norte EIRL,Trujillo,PROD-0501,Pastilla Freno Delantera,Frenos,ALM-LIMA-02,48,68.08,0,68.08,3267.84,B2B_PORTAL,CONFIRMADO,3,URGENTE
ORD-000243,LOTE-2024-03-02,2024-03-02 19:49:00,CLI007,Distribuidora Costa SAC,Ica,PROD-0302,Bateria 12V 75Ah,Electricidad,ALM-NORTE-01,2,415.5,5,394.72,789.44,TELEFONO,EN_DESPACHO,4,URGENTE
ORD-000244,LOTE-2024-03-02,2024-03-02 05:43:00,CLI007,Distribuidora Costa SAC,Ica,PROD-0102,Aceite Motor 20W50 4L,Lubricantes,ALM-LIMA-01,50,90.56,0,90.56,4528.0,EDI,ENTREGADO,2,EXPRESS
ORD-000245,LOTE-2024-03-02,2024-03-02 12:45:00,CLI003,Importaciones del Sur SRL,Arequipa,PROD-0401,Llanta 195/65R15,Neumaticos,ALM-NORTE-01,21,281.03,0,281.03,5901.63,TELEFONO,CONFIRMADO,3,NORMAL
ORD-000246,LOTE-2024-03-02,2024-03-02 08:06:00,CLI003,Importaciones del Sur SRL,Arequipa,PROD-0102,Aceite Motor 20W50 4L,Lubricantes,ALM-SUR-01,12,88.88,10,79.99,959.88,B2B_PORTAL,EN_DESPACHO,1,URGENTE
ORD-000247,LOTE-2024-03-02,2024-03-02 02:22:00,CLI002,Comercial Norte EIRL,Trujillo,PROD-0502,Disco Freno 280mm,Frenos,ALM-SUR-01,39,123.41,5,117.24,4572.36,TELEFONO,CONFIRMADO,1,URGENTE
ORD-000248,LOTE-2024-03-02,2024-03-02 23:57:00,CLI004,Mega Distribucion SA,Cusco,PROD-0502,Disco Freno 280mm,Frenos,ALM-NORTE-01,34,116.03,5,110.23,3747.82,EDI,CONFIRMADO,3,NORMAL
ORD-000249,LOTE-2024-03-02,2024-03-02 15:09:00,CLI002,Comercial Norte EIRL,Trujillo,PROD-0201,Filtro Aire Universal,Filtros,ALM-LIMA-01,28,27.37,0,27.37,766.36,EDI,EN_DESPACHO,3,NORMAL
ORD-000250,LOTE-2024-03-02,2024-03-02 07:46:00,CLI008,Comercial Altiplano SRL,Puno,PROD-0502,Disco Freno 280mm,Frenos,ALM-LIMA-01,40,116.35,0,116.35,4654.0,TELEFONO,CONFIRMADO,3,URGENTE
ORD-000251,LOTE-2024-03-02,2024-03-02 19:24:00,CLI006,Proveedores Unidos SAC,Chiclayo,PROD-0402,Llanta 225/45R17,Neumaticos,ALM-LIMA-02,22,392.26,15,333.42,7335.24,EDI,CANCELADO,3,NORMAL
ORD-000252,LOTE-2024-03-02,2024-03-02 19:44:00,CLI004,Mega Distribucion SA,Cusco,PROD-0402,Llanta 225/45R17,Neumaticos,ALM-NORTE-01,21,382.27,5,363.15,7626.15,TELEFONO,CANCELADO,5,URGENTE
ORD-000253,LOTE-2024-03-02,2024-03-02 07:20:00,CLI007,Distribuidora Costa SAC,Ica,PROD-0301,Bateria 12V 60Ah,Electricidad,ALM-LIMA-02,26,315.68,10,284.11,7386.86,B2B_PORTAL,CONFIRMADO,4,EXPRESS
ORD-000254,LOTE-2024-03-02,2024-03-02 22:13:00,CLI008,Comercial Altiplano SRL,Puno,PROD-0301,Bateria 12V 60Ah,Electricidad,ALM-LIMA-02,45,306.21,5,290.9,13090.5,EDI,EN_DESPACHO,2,EXPRESS
ORD-000255,LOTE-2024-03-02,2024-03-02 08:42:00,CLI003,Importaciones del Sur SRL,Arequipa,PROD-0401,Llanta 195/65R15,Neumaticos,ALM-SUR-01,25,272.86,10,245.57,6139.25,TELEFONO,EN_DESPACHO,5,NORMAL
ORD-000256,LOTE-2024-03-02,2024-03-02 01:50:00,CLI006,Proveedores Unidos SAC,Chiclayo,PROD-0501,Pastilla Freno Delantera,Frenos,ALM-LIMA-02,39,65.9,0,65.9,2570.1,EDI,CONFIRMADO,2,NORMAL
ORD-000257,LOTE-2024-03-02,2024-03-02 20:39:00,CLI001,Distribuidora Andina SAC,Lima,PROD-0502,Disco Freno 280mm,Frenos,ALM-NORTE-01,42,122.13,5,116.02,4872.84,TELEFONO,CANCELADO,1,EXPRESS
ORD-000258,LOTE-2024-03-02,2024-03-02 00:06:00,CLI005,Logistica Central EIRL,Piura,PROD-0202,Filtro Aceite Motor,Filtros,ALM-LIMA-02,33,23.06,10,20.75,684.75,TELEFONO,EN_DESPACHO,3,EXPRESS
ORD-000259,LOTE-2024-03-02,2024-03-02 12:29:00,CLI003,Importaciones del Sur SRL,Arequipa,PROD-0302,Bateria 12V 75Ah,Electricidad,ALM-LIMA-01,2,409.29,0,409.29,818.58,B2B_PORTAL,EN_DESPACHO,2,NORMAL
ORD-000260,LOTE-2024-03-02,2024-03-02 11:19:00,CLI006,Proveedores Unidos SAC,Chiclayo,PROD-0402,Llanta 225/45R17,Neumaticos,ALM-SUR-01,14,395.83,0,395.83,5541.62,TELEFONO,EN_DESPACHO,3,EXPRESS
ORD-000261,LOTE-2024-03-02,2024-03-02 02:19:00,CLI001,Distribuidora Andina SAC,Lima,PROD-0102,Aceite Motor 20W50 4L,Lubricantes,ALM-LIMA-02,2,92.63,15,78.73,157.46,FUERZA_VENTAS,CONFIRMADO,5,EXPRESS
ORD-000262,LOTE-2024-03-02,2024-03-02 05:35:00,CLI003,Importaciones del Sur SRL,Arequipa,PROD-0302,Bateria 12V 75Ah,Electricidad,ALM-SUR-01,36,406.98,5,386.63,13918.68,FUERZA_VENTAS,CONFIRMADO,2,NORMAL
ORD-000263,LOTE-2024-03-02,2024-03-02 20:42:00,CLI007,Distribuidora Costa SAC,Ica,PROD-0401,Llanta 195/65R15,Neumaticos,ALM-SUR-01,2,291.77,0,291.77,583.54,TELEFONO,EN_DESPACHO,1,URGENTE
ORD-000264,LOTE-2024-03-02,2024-03-02 22:13:00,CLI004,Mega Distribucion SA,Cusco,PROD-0301,Bateria 12V 60Ah,Electricidad,ALM-LIMA-02,49,326.52,0,326.52,15999.48,EDI,EN_DESPACHO,3,NORMAL
ORD-000265,LOTE-2024-03-02,2024-03-02 06:29:00,CLI002,Comercial Norte EIRL,Trujillo,PROD-0301,Bateria 12V 60Ah,Electricidad,ALM-NORTE-01,43,331.6,10,298.44,12832.92,TELEFONO,CANCELADO,5,URGENTE
ORD-000266,LOTE-2024-03-02,2024-03-02 12:37:00,CLI002,Comercial Norte EIRL,Trujillo,PROD-0302,Bateria 12V 75Ah,Electricidad,ALM-NORTE-01,23,424.17,10,381.75,8780.25,B2B_PORTAL,CONFIRMADO,2,URGENTE
ORD-000267,LOTE-2024-03-02,2024-03-02 10:07:00,CLI004,Mega Distribucion SA,Cusco,PROD-0301,Bateria 12V 60Ah,Electricidad,ALM-SUR-01,8,309.86,15,263.38,2107.04,TELEFONO,CONFIRMADO,5,EXPRESS
ORD-000268,LOTE-2024-03-02,2024-03-02 04:36:00,CLI007,Distribuidora Costa SAC,Ica,PROD-0401,Llanta 195/65R15,Neumaticos,ALM-LIMA-02,12,284.62,10,256.16,3073.92,FUERZA_VENTAS,EN_DESPACHO,4,EXPRESS
ORD-000269,LOTE-2024-03-02,2024-03-02 09:08:00,CLI003,Importaciones del Sur SRL,Arequipa,PROD-0302,Bateria 12V 75Ah,Electricidad,ALM-SUR-01,29,414.9,0,414.9,12032.1,FUERZA_VENTAS,CANCELADO,2,NORMAL
ORD-000270,LOTE-2024-03-02,2024-03-02 12:35:00,CLI008,Comercial Altiplano SRL,Puno,PROD-0401,Llanta 195/65R15,Neumaticos,ALM-SUR-01,44,284.76,15,242.05,10650.2,FUERZA_VENTAS,ENTREGADO,1,NORMAL
ORD-000271,LOTE-2024-03-02,2024-03-02 18:01:00,CLI004,Mega Distribucion SA,Cusco,PROD-0301,Bateria 12V 60Ah,Electricidad,ALM-SUR-01,3,312.8,10,281.52,844.56,TELEFONO,CONFIRMADO,5,EXPRESS
ORD-000272,LOTE-2024-03-02,2024-03-02 16:07:00,CLI002,Comercial Norte EIRL,Trujillo,PROD-0301,Bateria 12V 60Ah,Electricidad,ALM-LIMA-01,50,321.38,0,321.38,16069.0,TELEFONO,EN_DESPACHO,5,EXPRESS
ORD-000273,LOTE-2024-03-02,2024-03-02 06:27:00,CLI002,Comercial Norte EIRL,Trujillo,PROD-0202,Filtro Aceite Motor,Filtros,ALM-NORTE-01,20,23.34,0,23.34,466.8,B2B_PORTAL,EN_DESPACHO,4,URGENTE
ORD-000274,LOTE-2024-03-02,2024-03-02 03:49:00,CLI004,Mega Distribucion SA,Cusco,PROD-0202,Filtro Aceite Motor,Filtros,ALM-SUR-01,48,22.7,0,22.7,1089.6,FUERZA_VENTAS,ENTREGADO,5,EXPRESS
ORD-000275,LOTE-2024-03-02,2024-03-02 04:50:00,CLI004,Mega Distribucion SA,Cusco,PROD-0202,Filtro Aceite Motor,Filtros,ALM-LIMA-02,4,22.66,10,20.39,81.56,EDI,CONFIRMADO,3,NORMAL
ORD-000276,LOTE-2024-03-02,2024-03-02 09:36:00,CLI005,Logistica Central EIRL,Piura,PROD-0501,Pastilla Freno Delantera,Frenos,ALM-SUR-01,44,67.05,0,67.05,2950.2,B2B_PORTAL,CANCELADO,3,EXPRESS
ORD-000277,LOTE-2024-03-02,2024-03-02 20:08:00,CLI003,Importaciones del Sur SRL,Arequipa,PROD-0202,Filtro Aceite Motor,Filtros,ALM-SUR-01,10,22.98,0,22.98,229.8,TELEFONO,ENTREGADO,2,EXPRESS
ORD-000278,LOTE-2024-03-02,2024-03-02 18:40:00,CLI005,Logistica Central EIRL,Piura,PROD-0401,Llanta 195/65R15,Neumaticos,ALM-LIMA-01,25,283.63,15,241.09,6027.25,TELEFONO,ENTREGADO,5,EXPRESS
ORD-000279,LOTE-2024-03-02,2024-03-02 23:17:00,CLI006,Proveedores Unidos SAC,Chiclayo,PROD-0402,Llanta 225/45R17,Neumaticos,ALM-LIMA-01,32,388.18,0,388.18,12421.76,TELEFONO,ENTREGADO,3,NORMAL
ORD-000280,LOTE-2024-03-02,2024-03-02 02:50:00,CLI007,Distribuidora Costa SAC,Ica,PROD-0202,Filtro Aceite Motor,Filtros,ALM-NORTE-01,28,23.23,5,22.07,617.96,EDI,CONFIRMADO,5,EXPRESS
ORD-000281,LOTE-2024-03-02,2024-03-02 18:08:00,CLI008,Comercial Altiplano SRL,Puno,PROD-0302,Bateria 12V 75Ah,Electricidad,ALM-SUR-01,44,420.75,0,420.75,18513.0,B2B_PORTAL,CONFIRMADO,1,URGENTE
ORD-000282,LOTE-2024-03-02,2024-03-02 05:28:00,CLI008,Comercial Altiplano SRL,Puno,PROD-0101,Aceite Motor 10W40 1L,Lubricantes,ALM-NORTE-01,28,44.53,15,37.85,1059.8,FUERZA_VENTAS,ENTREGADO,3,URGENTE
ORD-000283,LOTE-2024-03-02,2024-03-02 02:41:00,CLI006,Proveedores Unidos SAC,Chiclayo,PROD-0301,Bateria 12V 60Ah,Electricidad,ALM-SUR-01,6,315.9,15,268.51,1611.06,EDI,CONFIRMADO,2,NORMAL
ORD-000284,LOTE-2024-03-02,2024-03-02 13:41:00,CLI002,Comercial Norte EIRL,Trujillo,PROD-0102,Aceite Motor 20W50 4L,Lubricantes,ALM-LIMA-02,1,86.94,0,86.94,86.94,TELEFONO,CONFIRMADO,1,NORMAL
ORD-000285,LOTE-2024-03-02,2024-03-02 00:44:00,CLI006,Proveedores Unidos SAC,Chiclayo,PROD-0102,Aceite Motor 20W50 4L,Lubricantes,ALM-SUR-01,28,91.24,5,86.67,2426.76,B2B_PORTAL,CONFIRMADO,1,EXPRESS
ORD-000286,LOTE-2024-03-02,2024-03-02 03:20:00,CLI006,Proveedores Unidos SAC,Chiclayo,PROD-0301,Bateria 12V 60Ah,Electricidad,ALM-LIMA-02,9,316.25,0,316.25,2846.25,B2B_PORTAL,EN_DESPACHO,5,EXPRESS
ORD-000287,LOTE-2024-03-02,2024-03-02 18:00:00,CLI003,Importaciones del Sur SRL,Arequipa,PROD-0402,Llanta 225/45R17,Neumaticos,ALM-SUR-01,23,403.79,15,343.22,7894.06,TELEFONO,ENTREGADO,2,NORMAL
ORD-000288,LOTE-2024-03-02,2024-03-02 02:57:00,CLI002,Comercial Norte EIRL,Trujillo,PROD-0201,Filtro Aire Universal,Filtros,ALM-SUR-01,49,26.94,15,22.9,1122.1,EDI,CONFIRMADO,2,URGENTE
ORD-000289,LOTE-2024-03-02,2024-03-02 07:17:00,CLI002,Comercial Norte EIRL,Trujillo,PROD-0202,Filtro Aceite Motor,Filtros,ALM-LIMA-01,36,22.73,15,19.32,695.52,EDI,EN_DESPACHO,2,URGENTE
ORD-000290,LOTE-2024-03-02,2024-03-02 16:38:00,CLI004,Mega Distribucion SA,Cusco,PROD-0401,Llanta 195/65R15,Neumaticos,ALM-LIMA-01,19,289.17,0,289.17,5494.23,FUERZA_VENTAS,EN_DESPACHO,4,NORMAL
ORD-000291,LOTE-2024-03-02,2024-03-02 20:38:00,CLI002,Comercial Norte EIRL,Trujillo,PROD-0501,Pastilla Freno Delantera,Frenos,ALM-SUR-01,1,68.16,0,68.16,68.16,EDI,CONFIRMADO,5,NORMAL
ORD-000292,LOTE-2024-03-02,2024-03-02 21:11:00,CLI008,Comercial Altiplano SRL,Puno,PROD-0102,Aceite Motor 20W50 4L,Lubricantes,ALM-LIMA-01,2,90.28,0,90.28,180.56,B2B_PORTAL,CONFIRMADO,4,URGENTE
ORD-000293,LOTE-2024-03-02,2024-03-02 16:18:00,CLI007,Distribuidora Costa SAC,Ica,PROD-0401,Llanta 195/65R15,Neumaticos,ALM-LIMA-02,45,282.21,15,239.88,10794.6,EDI,EN_DESPACHO,1,URGENTE
ORD-000294,LOTE-2024-03-02,2024-03-02 09:05:00,CLI004,Mega Distribucion SA,Cusco,PROD-0201,Filtro Aire Universal,Filtros,ALM-LIMA-01,35,27.51,10,24.76,866.6,EDI,EN_DESPACHO,4,URGENTE
ORD-000295,LOTE-2024-03-02,2024-03-02 23:54:00,CLI004,Mega Distribucion SA,Cusco,PROD-0101,Aceite Motor 10W40 1L,Lubricantes,ALM-LIMA-01,16,44.0,5,41.8,668.8,EDI,CONFIRMADO,2,EXPRESS
ORD-000296,LOTE-2024-03-02,2024-03-02 03:00:00,CLI003,Importaciones del Sur SRL,Arequipa,PROD-0101,Aceite Motor 10W40 1L,Lubricantes,ALM-NORTE-01,11,45.88,0,45.88,504.68,FUERZA_VENTAS,EN_DESPACHO,3,URGENTE
ORD-000297,LOTE-2024-03-02,2024-03-02 04:47:00,CLI005,Logistica Central EIRL,Piura,PROD-0102,Aceite Motor 20W50 4L,Lubricantes,ALM-NORTE-01,50,93.08,0,93.08,4654.0,B2B_PORTAL,ENTREGADO,3,URGENTE
ORD-000298,LOTE-2024-03-02,2024-03-02 22:36:00,CLI002,Comercial Norte EIRL,Trujillo,PROD-0402,Llanta 225/45R17,Neumaticos,ALM-LIMA-02,30,395.43,0,395.43,11862.9,EDI,EN_DESPACHO,2,NORMAL
ORD-000299,LOTE-2024-03-02,2024-03-02 08:49:00,CLI002,Comercial Norte EIRL,Trujillo,PROD-0502,Disco Freno 280mm,Frenos,ALM-LIMA-01,44,122.67,0,122.67,5397.48,B2B_PORTAL,ENTREGADO,1,URGENTE
ORD-000300,LOTE-2024-03-02,2024-03-02 07:02:00,CLI008,Comercial Altiplano SRL,Puno,PROD-0302,Bateria 12V 75Ah,Electricidad,ALM-LIMA-01,25,427.23,0,427.23,10680.75,TELEFONO,ENTREGADO,2,URGENTE
ORD-000301,LOTE-2024-03-02,2024-03-02 10:15:00,CLI007,Distribuidora Costa SAC,Ica,PROD-0302,Bateria 12V 75Ah,Electricidad,ALM-LIMA-01,18,423.37,10,381.03,6858.54,FUERZA_VENTAS,CONFIRMADO,2,EXPRESS
ORD-000302,LOTE-2024-03-02,2024-03-02 16:02:00,CLI007,Distribuidora Costa SAC,Ica,PROD-0102,Aceite Motor 20W50 4L,Lubricantes,ALM-SUR-01,30,92.78,0,92.78,2783.4,B2B_PORTAL,CONFIRMADO,3,EXPRESS
ORD-000303,LOTE-2024-03-02,2024-03-02 06:18:00,CLI005,Logistica Central EIRL,Piura,PROD-0502,Disco Freno 280mm,Frenos,ALM-LIMA-02,16,119.57,10,107.61,1721.76,FUERZA_VENTAS,CANCELADO,2,EXPRESS
ORD-000304,LOTE-2024-03-02,2024-03-02 00:59:00,CLI007,Distribuidora Costa SAC,Ica,PROD-0101,Aceite Motor 10W40 1L,Lubricantes,ALM-LIMA-01,15,46.09,15,39.18,587.7,EDI,ENTREGADO,1,NORMAL
ORD-000305,LOTE-2024-03-02,2024-03-02 21:24:00,CLI005,Logistica Central EIRL,Piura,PROD-0102,Aceite Motor 20W50 4L,Lubricantes,ALM-LIMA-01,14,89.77,0,89.77,1256.78,FUERZA_VENTAS,EN_DESPACHO,3,NORMAL
ORD-000306,LOTE-2024-03-02,2024-03-02 02:02:00,CLI004,Mega Distribucion SA,Cusco,PROD-0501,Pastilla Freno Delantera,Frenos,ALM-LIMA-01,27,66.31,0,66.31,1790.37,B2B_PORTAL,EN_DESPACHO,5,EXPRESS
ORD-000307,LOTE-2024-03-02,2024-03-02 04:40:00,CLI007,Distribuidora Costa SAC,Ica,PROD-0102,Aceite Motor 20W50 4L,Lubricantes,ALM-LIMA-02,38,90.11,5,85.6,3252.8,FUERZA_VENTAS,EN_DESPACHO,3,EXPRESS
ORD-000308,LOTE-2024-03-02,2024-03-02 08:54:00,CLI006,Proveedores Unidos SAC,Chiclayo,PROD-0401,Llanta 195/65R15,Neumaticos,ALM-NORTE-01,45,294.46,0,294.46,13250.7,FUERZA_VENTAS,CONFIRMADO,1,URGENTE
ORD-000309,LOTE-2024-03-02,2024-03-02 06:08:00,CLI002,Comercial Norte EIRL,Trujillo,PROD-0201,Filtro Aire Universal,Filtros,ALM-LIMA-01,7,27.06,5,25.71,179.97,EDI,CONFIRMADO,2,URGENTE
ORD-000310,LOTE-2024-03-02,2024-03-02 14:19:00,CLI008,Comercial Altiplano SRL,Puno,PROD-0301,Bateria 12V 60Ah,Electricidad,ALM-LIMA-01,8,306.89,15,260.86,2086.88,FUERZA_VENTAS,CONFIRMADO,3,URGENTE
ORD-000311,LOTE-2024-03-02,2024-03-02 04:05:00,CLI004,Mega Distribucion SA,Cusco,PROD-0302,Bateria 12V 75Ah,Electricidad,ALM-LIMA-02,26,410.55,15,348.97,9073.22,B2B_PORTAL,CONFIRMADO,4,EXPRESS
ORD-000312,LOTE-2024-03-02,2024-03-02 14:35:00,CLI004,Mega Distribucion SA,Cusco,PROD-0102,Aceite Motor 20W50 4L,Lubricantes,ALM-LIMA-01,30,85.94,0,85.94,2578.2,FUERZA_VENTAS,CONFIRMADO,2,URGENTE
ORD-000313,LOTE-2024-03-02,2024-03-02 06:52:00,CLI007,Distribuidora Costa SAC,Ica,PROD-0302,Bateria 12V 75Ah,Electricidad,ALM-NORTE-01,44,415.34,15,353.04,15533.76,B2B_PORTAL,CONFIRMADO,1,URGENTE
ORD-000314,LOTE-2024-03-02,2024-03-02 02:12:00,CLI008,Comercial Altiplano SRL,Puno,PROD-0201,Filtro Aire Universal,Filtros,ALM-SUR-01,6,29.13,0,29.13,174.78,B2B_PORTAL,CONFIRMADO,2,EXPRESS
ORD-000315,LOTE-2024-03-02,2024-03-02 18:27:00,CLI007,Distribuidora Costa SAC,Ica,PROD-0402,Llanta 225/45R17,Neumaticos,ALM-LIMA-02,2,390.37,5,370.85,741.7,FUERZA_VENTAS,CONFIRMADO,3,URGENTE
ORD-000316,LOTE-2024-03-02,2024-03-02 08:28:00,CLI003,Importaciones del Sur SRL,Arequipa,PROD-0101,Aceite Motor 10W40 1L,Lubricantes,ALM-SUR-01,40,46.45,0,46.45,1858.0,TELEFONO,EN_DESPACHO,5,EXPRESS
ORD-000317,LOTE-2024-03-02,2024-03-02 15:03:00,CLI002,Comercial Norte EIRL,Trujillo,PROD-0301,Bateria 12V 60Ah,Electricidad,ALM-LIMA-02,25,308.39,0,308.39,7709.75,B2B_PORTAL,EN_DESPACHO,4,NORMAL
ORD-000318,LOTE-2024-03-02,2024-03-02 22:22:00,CLI008,Comercial Altiplano SRL,Puno,PROD-0501,Pastilla Freno Delantera,Frenos,ALM-SUR-01,32,63.99,10,57.59,1842.88,EDI,EN_DESPACHO,2,NORMAL
ORD-000319,LOTE-2024-03-02,2024-03-02 00:20:00,CLI004,Mega Distribucion SA,Cusco,PROD-0101,Aceite Motor 10W40 1L,Lubricantes,ALM-LIMA-02,50,44.89,5,42.65,2132.5,FUERZA_VENTAS,EN_DESPACHO,1,URGENTE
ORD-000320,LOTE-2024-03-02,2024-03-02 07:42:00,CLI004,Mega Distribucion SA,Cusco,PROD-0301,Bateria 12V 60Ah,Electricidad,ALM-LIMA-02,35,330.12,15,280.6,9821.0,TELEFONO,CONFIRMADO,3,NORMAL
ORD-000321,LOTE-2024-03-02,2024-03-02 05:11:00,CLI004,Mega Distribucion SA,Cusco,PROD-0502,Disco Freno 280mm,Frenos,ALM-LIMA-01,21,123.67,15,105.12,2207.52,EDI,CONFIRMADO,5,NORMAL
ORD-000322,LOTE-2024-03-02,2024-03-02 18:09:00,CLI004,Mega Distribucion SA,Cusco,PROD-0402,Llanta 225/45R17,Neumaticos,ALM-LIMA-01,35,387.46,5,368.08,12882.8,FUERZA_VENTAS,CONFIRMADO,5,EXPRESS
ORD-000323,LOTE-2024-03-02,2024-03-02 07:01:00,CLI008,Comercial Altiplano SRL,Puno,PROD-0101,Aceite Motor 10W40 1L,Lubricantes,ALM-NORTE-01,22,47.82,0,47.82,1052.04,FUERZA_VENTAS,ENTREGADO,3,EXPRESS
ORD-000324,LOTE-2024-03-02,2024-03-02 01:01:00,CLI003,Importaciones del Sur SRL,Arequipa,PROD-0502,Disco Freno 280mm,Frenos,ALM-NORTE-01,46,125.01,0,125.01,5750.46,B2B_PORTAL,ENTREGADO,3,URGENTE
ORD-000325,LOTE-2024-03-02,2024-03-02 22:42:00,CLI007,Distribuidora Costa SAC,Ica,PROD-0502,Disco Freno 280mm,Frenos,ALM-LIMA-02,7,118.04,0,118.04,826.28,TELEFONO,CONFIRMADO,4,EXPRESS
ORD-000326,LOTE-2024-03-02,2024-03-02 20:20:00,CLI003,Importaciones del Sur SRL,Arequipa,PROD-0501,Pastilla Freno Delantera,Frenos,ALM-LIMA-02,45,67.53,10,60.78,2735.1,FUERZA_VENTAS,ENTREGADO,4,URGENTE
ORD-000327,LOTE-2024-03-02,2024-03-02 09:46:00,CLI005,Logistica Central EIRL,Piura,PROD-0201,Filtro Aire Universal,Filtros,ALM-SUR-01,12,28.64,15,24.34,292.08,B2B_PORTAL,ENTREGADO,2,URGENTE
ORD-000328,LOTE-2024-03-02,2024-03-02 19:20:00,CLI004,Mega Distribucion SA,Cusco,PROD-0502,Disco Freno 280mm,Frenos,ALM-LIMA-01,7,125.24,0,125.24,876.68,FUERZA_VENTAS,CONFIRMADO,3,EXPRESS
ORD-000329,LOTE-2024-03-02,2024-03-02 10:10:00,CLI002,Comercial Norte EIRL,Trujillo,PROD-0302,Bateria 12V 75Ah,Electricidad,ALM-LIMA-01,29,389.97,0,389.97,11309.13,EDI,CONFIRMADO,3,URGENTE
ORD-000330,LOTE-2024-03-02,2024-03-02 03:46:00,CLI001,Distribuidora Andina SAC,Lima,PROD-0101,Aceite Motor 10W40 1L,Lubricantes,ALM-SUR-01,25,45.62,5,43.34,1083.5,TELEFONO,CANCELADO,4,NORMAL
ORD-000331,LOTE-2024-03-02,2024-03-02 11:34:00,CLI007,Distribuidora Costa SAC,Ica,PROD-0102,Aceite Motor 20W50 4L,Lubricantes,ALM-LIMA-02,31,92.08,10,82.88,2569.28,FUERZA_VENTAS,EN_DESPACHO,4,NORMAL
ORD-000332,LOTE-2024-03-02,2024-03-02 02:51:00,CLI001,Distribuidora Andina SAC,Lima,PROD-0301,Bateria 12V 60Ah,Electricidad,ALM-LIMA-02,2,314.2,0,314.2,628.4,TELEFONO,CONFIRMADO,2,NORMAL
ORD-000333,LOTE-2024-03-02,2024-03-02 23:04:00,CLI002,Comercial Norte EIRL,Trujillo,PROD-0302,Bateria 12V 75Ah,Electricidad,ALM-SUR-01,39,429.9,5,408.4,15927.6,FUERZA_VENTAS,ENTREGADO,5,EXPRESS
ORD-000334,LOTE-2024-03-02,2024-03-02 13:10:00,CLI001,Distribuidora Andina SAC,Lima,PROD-0102,Aceite Motor 20W50 4L,Lubricantes,ALM-NORTE-01,22,86.86,0,86.86,1910.92,EDI,EN_DESPACHO,3,NORMAL
ORD-000335,LOTE-2024-03-02,2024-03-02 07:06:00,CLI001,Distribuidora Andina SAC,Lima,PROD-0401,Llanta 195/65R15,Neumaticos,ALM-NORTE-01,37,286.42,5,272.09,10067.33,B2B_PORTAL,CONFIRMADO,4,URGENTE
ORD-000336,LOTE-2024-03-02,2024-03-02 02:18:00,CLI008,Comercial Altiplano SRL,Puno,PROD-0202,Filtro Aceite Motor,Filtros,ALM-LIMA-01,7,21.43,0,21.43,150.01,TELEFONO,EN_DESPACHO,1,URGENTE
ORD-000337,LOTE-2024-03-02,2024-03-02 09:50:00,CLI007,Distribuidora Costa SAC,Ica,PROD-0402,Llanta 225/45R17,Neumaticos,ALM-SUR-01,32,410.6,0,410.6,13139.2,FUERZA_VENTAS,CONFIRMADO,3,URGENTE
ORD-000338,LOTE-2024-03-02,2024-03-02 12:23:00,CLI003,Importaciones del Sur SRL,Arequipa,PROD-0402,Llanta 225/45R17,Neumaticos,ALM-NORTE-01,3,385.65,5,366.37,1099.11,B2B_PORTAL,CONFIRMADO,2,EXPRESS
ORD-000339,LOTE-2024-03-02,2024-03-02 22:42:00,CLI002,Comercial Norte EIRL,Trujillo,PROD-0102,Aceite Motor 20W50 4L,Lubricantes,ALM-LIMA-02,43,88.1,10,79.29,3409.47,B2B_PORTAL,EN_DESPACHO,4,NORMAL
ORD-000340,LOTE-2024-03-02,2024-03-02 16:26:00,CLI008,Comercial Altiplano SRL,Puno,PROD-0502,Disco Freno 280mm,Frenos,ALM-LIMA-01,16,119.72,0,119.72,1915.52,FUERZA_VENTAS,CONFIRMADO,1,EXPRESS
ORD-000341,LOTE-2024-03-02,2024-03-02 14:11:00,CLI003,Importaciones del Sur SRL,Arequipa,PROD-0202,Filtro Aceite Motor,Filtros,ALM-SUR-01,13,21.66,5,20.58,267.54,FUERZA_VENTAS,CONFIRMADO,2,URGENTE
ORD-000342,LOTE-2024-03-02,2024-03-02 19:16:00,CLI006,Proveedores Unidos SAC,Chiclayo,PROD-0102,Aceite Motor 20W50 4L,Lubricantes,ALM-NORTE-01,6,88.5,5,84.07,504.42,TELEFONO,EN_DESPACHO,1,NORMAL
ORD-000343,LOTE-2024-03-02,2024-03-02 22:39:00,CLI007,Distribuidora Costa SAC,Ica,PROD-0102,Aceite Motor 20W50 4L,Lubricantes,ALM-LIMA-01,27,86.36,10,77.73,2098.71,B2B_PORTAL,EN_DESPACHO,5,NORMAL
ORD-000344,LOTE-2024-03-02,2024-03-02 03:50:00,CLI005,Logistica Central EIRL,Piura,PROD-0501,Pastilla Freno Delantera,Frenos,ALM-SUR-01,23,67.46,0,67.46,1551.58,TELEFONO,CONFIRMADO,1,NORMAL
ORD-000345,LOTE-2024-03-02,2024-03-02 05:17:00,CLI007,Distribuidora Costa SAC,Ica,PROD-0201,Filtro Aire Universal,Filtros,ALM-SUR-01,40,28.3,15,24.06,962.4,EDI,EN_DESPACHO,2,EXPRESS
ORD-000346,LOTE-2024-03-02,2024-03-02 01:47:00,CLI008,Comercial Altiplano SRL,Puno,PROD-0301,Bateria 12V 60Ah,Electricidad,ALM-SUR-01,24,304.65,0,304.65,7311.6,B2B_PORTAL,CONFIRMADO,2,NORMAL
ORD-000347,LOTE-2024-03-02,2024-03-02 04:19:00,CLI008,Comercial Altiplano SRL,Puno,PROD-0302,Bateria 12V 75Ah,Electricidad,ALM-LIMA-02,18,419.38,10,377.44,6793.92,TELEFONO,EN_DESPACHO,2,EXPRESS
ORD-000348,LOTE-2024-03-02,2024-03-02 13:47:00,CLI008,Comercial Altiplano SRL,Puno,PROD-0501,Pastilla Freno Delantera,Frenos,ALM-LIMA-01,24,67.09,10,60.38,1449.12,EDI,ENTREGADO,5,NORMAL
ORD-000349,LOTE-2024-03-02,2024-03-02 12:08:00,CLI001,Distribuidora Andina SAC,Lima,PROD-0201,Filtro Aire Universal,Filtros,ALM-LIMA-02,13,29.05,0,29.05,377.65,B2B_PORTAL,ENTREGADO,4,URGENTE
ORD-000350,LOTE-2024-03-02,2024-03-02 01:58:00,CLI006,Proveedores Unidos SAC,Chiclayo,PROD-0202,Filtro Aceite Motor,Filtros,ALM-LIMA-01,18,22.2,5,21.09,379.62,B2B_PORTAL,EN_DESPACHO,2,EXPRESS
ORD-000351,LOTE-2024-03-02,2024-03-02 11:31:00,CLI008,Comercial Altiplano SRL,Puno,PROD-0201,Filtro Aire Universal,Filtros,ALM-NORTE-01,31,28.24,0,28.24,875.44,B2B_PORTAL,CONFIRMADO,3,NORMAL
ORD-000352,LOTE-2024-03-02,2024-03-02 00:24:00,CLI001,Distribuidora Andina SAC,Lima,PROD-0201,Filtro Aire Universal,Filtros,ALM-LIMA-02,37,28.78,0,28.78,1064.86,FUERZA_VENTAS,ENTREGADO,3,EXPRESS
ORD-000353,LOTE-2024-03-02,2024-03-02 20:26:00,CLI001,Distribuidora Andina SAC,Lima,PROD-0101,Aceite Motor 10W40 1L,Lubricantes,ALM-LIMA-01,31,47.79,15,40.62,1259.22,FUERZA_VENTAS,CONFIRMADO,3,NORMAL
ORD-000354,LOTE-2024-03-02,2024-03-02 19:51:00,CLI005,Logistica Central EIRL,Piura,PROD-0301,Bateria 12V 60Ah,Electricidad,ALM-LIMA-02,28,332.66,0,332.66,9314.48,TELEFONO,EN_DESPACHO,3,URGENTE
ORD-000355,LOTE-2024-03-02,2024-03-02 21:33:00,CLI007,Distribuidora Costa SAC,Ica,PROD-0502,Disco Freno 280mm,Frenos,ALM-NORTE-01,7,114.09,15,96.97,678.79,EDI,CANCELADO,3,URGENTE
ORD-000356,LOTE-2024-03-02,2024-03-02 21:06:00,CLI008,Comercial Altiplano SRL,Puno,PROD-0102,Aceite Motor 20W50 4L,Lubricantes,ALM-NORTE-01,22,93.87,15,79.79,1755.38,EDI,CONFIRMADO,3,URGENTE
ORD-000357,LOTE-2024-03-02,2024-03-02 06:09:00,CLI004,Mega Distribucion SA,Cusco,PROD-0101,Aceite Motor 10W40 1L,Lubricantes,ALM-LIMA-01,39,45.46,0,45.46,1772.94,TELEFONO,EN_DESPACHO,3,NORMAL
ORD-000358,LOTE-2024-03-02,2024-03-02 08:58:00,CLI007,Distribuidora Costa SAC,Ica,PROD-0401,Llanta 195/65R15,Neumaticos,ALM-LIMA-02,25,291.75,10,262.57,6564.25,EDI,ENTREGADO,2,EXPRESS
ORD-000359,LOTE-2024-03-02,2024-03-02 21:34:00,CLI008,Comercial Altiplano SRL,Puno,PROD-0302,Bateria 12V 75Ah,Electricidad,ALM-LIMA-02,33,401.81,0,401.81,13259.73,EDI,ENTREGADO,1,EXPRESS
ORD-000360,LOTE-2024-03-02,2024-03-02 15:08:00,CLI005,Logistica Central EIRL,Piura,PROD-0501,Pastilla Freno Delantera,Frenos,ALM-LIMA-01,49,67.68,15,57.53,2818.97,FUERZA_VENTAS,ENTREGADO,3,URGENTE
ORD-000361,LOTE-2024-03-02,2024-03-02 07:47:00,CLI005,Logistica Central EIRL,Piura,PROD-0401,Llanta 195/65R15,Neumaticos,ALM-LIMA-01,22,281.34,10,253.21,5570.62,TELEFONO,CONFIRMADO,1,URGENTE
ORD-000362,LOTE-2024-03-02,2024-03-02 20:37:00,CLI002,Comercial Norte EIRL,Trujillo,PROD-0402,Llanta 225/45R17,Neumaticos,ALM-NORTE-01,13,395.02,15,335.77,4365.01,TELEFONO,CONFIRMADO,1,URGENTE
ORD-000363,LOTE-2024-03-02,2024-03-02 04:08:00,CLI004,Mega Distribucion SA,Cusco,PROD-0302,Bateria 12V 75Ah,Electricidad,ALM-LIMA-02,27,429.97,5,408.48,11028.96,B2B_PORTAL,CONFIRMADO,4,NORMAL
ORD-000364,LOTE-2024-03-02,2024-03-02 10:40:00,CLI003,Importaciones del Sur SRL,Arequipa,PROD-0302,Bateria 12V 75Ah,Electricidad,ALM-LIMA-02,41,391.88,5,372.28,15263.48,FUERZA_VENTAS,CONFIRMADO,4,EXPRESS
ORD-000365,LOTE-2024-03-02,2024-03-02 02:08:00,CLI007,Distribuidora Costa SAC,Ica,PROD-0401,Llanta 195/65R15,Neumaticos,ALM-LIMA-01,26,282.98,5,268.83,6989.58,FUERZA_VENTAS,CONFIRMADO,3,NORMAL
ORD-000366,LOTE-2024-03-02,2024-03-02 00:57:00,CLI006,Proveedores Unidos SAC,Chiclayo,PROD-0501,Pastilla Freno Delantera,Frenos,ALM-LIMA-02,13,61.87,0,61.87,804.31,FUERZA_VENTAS,EN_DESPACHO,3,URGENTE
ORD-000367,LOTE-2024-03-02,2024-03-02 09:08:00,CLI002,Comercial Norte EIRL,Trujillo,PROD-0401,Llanta 195/65R15,Neumaticos,ALM-LIMA-01,33,287.53,0,287.53,9488.49,EDI,CONFIRMADO,3,URGENTE
ORD-000368,LOTE-2024-03-02,2024-03-02 14:46:00,CLI006,Proveedores Unidos SAC,Chiclayo,PROD-0401,Llanta 195/65R15,Neumaticos,ALM-SUR-01,44,299.12,0,299.12,13161.28,EDI,CANCELADO,2,NORMAL
ORD-000369,LOTE-2024-03-02,2024-03-02 05:58:00,CLI007,Distribuidora Costa SAC,Ica,PROD-0101,Aceite Motor 10W40 1L,Lubricantes,ALM-LIMA-01,15,44.63,0,44.63,669.45,FUERZA_VENTAS,CONFIRMADO,1,URGENTE
ORD-000370,LOTE-2024-03-02,2024-03-02 11:45:00,CLI001,Distribuidora Andina SAC,Lima,PROD-0401,Llanta 195/65R15,Neumaticos,ALM-LIMA-01,41,278.04,10,250.24,10259.84,B2B_PORTAL,EN_DESPACHO,1,EXPRESS
ORD-000371,LOTE-2024-03-02,2024-03-02 01:44:00,CLI002,Comercial Norte EIRL,Trujillo,PROD-0401,Llanta 195/65R15,Neumaticos,ALM-LIMA-02,29,281.59,10,253.43,7349.47,FUERZA_VENTAS,CONFIRMADO,1,URGENTE
ORD-000372,LOTE-2024-03-02,2024-03-02 09:26:00,CLI002,Comercial Norte EIRL,Trujillo,PROD-0501,Pastilla Freno Delantera,Frenos,ALM-LIMA-01,18,65.8,15,55.93,1006.74,B2B_PORTAL,CONFIRMADO,3,EXPRESS
ORD-000373,LOTE-2024-03-02,2024-03-02 03:50:00,CLI002,Comercial Norte EIRL,Trujillo,PROD-0402,Llanta 225/45R17,Neumaticos,ALM-LIMA-02,13,399.31,0,399.31,5191.03,EDI,ENTREGADO,4,URGENTE
ORD-000374,LOTE-2024-03-02,2024-03-02 09:10:00,CLI001,Distribuidora Andina SAC,Lima,PROD-0501,Pastilla Freno Delantera,Frenos,ALM-NORTE-01,32,67.67,15,57.52,1840.64,FUERZA_VENTAS,ENTREGADO,1,NORMAL
ORD-000375,LOTE-2024-03-02,2024-03-02 00:42:00,CLI002,Comercial Norte EIRL,Trujillo,PROD-0102,Aceite Motor 20W50 4L,Lubricantes,ALM-LIMA-01,37,91.01,0,91.01,3367.37,B2B_PORTAL,ENTREGADO,3,URGENTE
ORD-000376,LOTE-2024-03-02,2024-03-02 20:14:00,CLI008,Comercial Altiplano SRL,Puno,PROD-0301,Bateria 12V 60Ah,Electricidad,ALM-LIMA-01,17,318.86,0,318.86,5420.62,EDI,ENTREGADO,3,URGENTE
ORD-000377,LOTE-2024-03-02,2024-03-02 21:20:00,CLI007,Distribuidora Costa SAC,Ica,PROD-0102,Aceite Motor 20W50 4L,Lubricantes,ALM-LIMA-02,7,92.64,0,92.64,648.48,FUERZA_VENTAS,CONFIRMADO,3,NORMAL
ORD-000378,LOTE-2024-03-02,2024-03-02 11:57:00,CLI008,Comercial Altiplano SRL,Puno,PROD-0502,Disco Freno 280mm,Frenos,ALM-NORTE-01,18,124.54,0,124.54,2241.72,FUERZA_VENTAS,CONFIRMADO,1,URGENTE
ORD-000379,LOTE-2024-03-02,2024-03-02 12:25:00,CLI008,Comercial Altiplano SRL,Puno,PROD-0301,Bateria 12V 60Ah,Electricidad,ALM-LIMA-02,25,326.08,5,309.77,7744.25,B2B_PORTAL,ENTREGADO,2,NORMAL
ORD-000380,LOTE-2024-03-02,2024-03-02 22:46:00,CLI001,Distribuidora Andina SAC,Lima,PROD-0201,Filtro Aire Universal,Filtros,ALM-SUR-01,7,27.76,10,24.99,174.93,FUERZA_VENTAS,EN_DESPACHO,5,NORMAL
